{
  "best_val_auc": 0.9201551952275225,
  "best_epoch": 8,
  "test_loss": 0.7195633758883118,
  "test_auc": 0.8978674387751443,
  "confusion_matrix": {
    "tn": 1034,
    "fp": 302,
    "fn": 27,
    "tp": 140
  },
  "sensitivity": 0.8383233532934131,
  "specificity": 0.7739520958083832,
  "accuracy": 0.7811044577511643
}